<powerpagecomponent powerpagecomponentid="21642629-dffa-21d2-2b4f-f002e6ec6a5c">
  <content>{
  "displayorder": 4,
  "weblinksetid": "4961f374-1be2-4b4c-b683-d2333e61de07",
  "pageid": "2d673fee-7535-a752-7a44-7623618116b7",
  "publishingstateid": "ab1632e7-1c01-4643-a039-39508cd6d3a4",
  "displaypagevalidation": false,
  "displayimageonly": false,
  "displaypagechildlinks": false,
  "openinnewwindow": false,
  "robotsfollowlink": true
}</content>
  <iscustomizable>1</iscustomizable>
  <name>New Page</name>
  <powerpagecomponenttype>5</powerpagecomponenttype>
  <powerpagesiteid>
    <powerpagesiteid>7303651d-3310-4f42-ae00-52ddb8527bea</powerpagesiteid>
  </powerpagesiteid>
  <statecode>0</statecode>
  <statuscode>1</statuscode>
</powerpagecomponent>