<powerpagecomponent powerpagecomponentid="8bc80e2b-71c8-49ae-8dc6-ae4facdad188">
  <content>{"status":"enable","selectedThemeId":"329a43fa-5471-4678-8330-d3a0b404e9bb","siteSettingId":"8bc80e2b-71c8-49ae-8dc6-ae4facdad188","version":"V2"}</content>
  <iscustomizable>1</iscustomizable>
  <name>ThemeFeature</name>
  <powerpagecomponenttype>9</powerpagecomponenttype>
  <powerpagesiteid>
    <powerpagesiteid>7303651d-3310-4f42-ae00-52ddb8527bea</powerpagesiteid>
  </powerpagesiteid>
  <statecode>0</statecode>
  <statuscode>1</statuscode>
</powerpagecomponent>