<powerpagecomponent powerpagecomponentid="56ee9d1f-c4de-49e1-a678-b0886da3f25a">
  <content>{"disablepagevalidation":false,"displayimageonly":false,"displayorder":1,"displaypagechildlinks":false,"openinnewwindow":false,"pageid":"ba9ba425-f515-4fd4-ac73-b0f12a5ba82c","publishingstateid":"ab1632e7-1c01-4643-a039-39508cd6d3a4","robotsfollowlink":true,"weblinksetid":"457cdb3d-c1b8-4217-8e11-c14028780a62"}</content>
  <iscustomizable>1</iscustomizable>
  <name>Profile</name>
  <powerpagecomponenttype>5</powerpagecomponenttype>
  <powerpagesiteid>
    <powerpagesiteid>7303651d-3310-4f42-ae00-52ddb8527bea</powerpagesiteid>
  </powerpagesiteid>
  <statecode>0</statecode>
  <statuscode>1</statuscode>
</powerpagecomponent>