<powerpagesites>
  <powerpagesite powerpagesiteid="7303651d-3310-4f42-ae00-52ddb8527bea">
    <content>{"defaultlanguage":"8f17beb1-bdfd-4c11-a235-1a6c635d2fe9","footerwebtemplateid":"dae268a2-f2b4-413a-a9d7-b4380f40ae39","headerwebtemplateid":"a6d074bd-c494-434b-a6dc-0117cb79b368","statecode":0,"statuscode":1,"website_language":1033,"defaultbotconsumerid":"7a389655-c694-f011-b4cc-000d3a3beab5"}</content>
    <datamodelversion>2.0</datamodelversion>
    <iscustomizable>1</iscustomizable>
    <name>Starter Site - site-alb0u</name>
    <primarydomainname>site-alb0u.powerappsportals.com</primarydomainname>
    <statecode>0</statecode>
    <statuscode>1</statuscode>
  </powerpagesite>
</powerpagesites>