<powerpagesitelanguages>
  <powerpagesitelanguage powerpagesitelanguageid="8f17beb1-bdfd-4c11-a235-1a6c635d2fe9">
    <content>{"publishingstate":"ab1632e7-1c01-4643-a039-39508cd6d3a4","systemlanguage":1033}</content>
    <displayname>English</displayname>
    <iscustomizable>1</iscustomizable>
    <languagecode>en-US</languagecode>
    <lcid>1033</lcid>
    <name>English</name>
    <powerpagesiteid>
      <powerpagesiteid>7303651d-3310-4f42-ae00-52ddb8527bea</powerpagesiteid>
    </powerpagesiteid>
    <statecode>0</statecode>
    <statuscode>1</statuscode>
  </powerpagesitelanguage>
</powerpagesitelanguages>