<powerpagecomponent powerpagecomponentid="6617bde3-1b67-4159-9060-1940ee062a1c">
  <content>{"display_name":"Search/Facet/More","type":756150000,"value":"Show more"}</content>
  <iscustomizable>1</iscustomizable>
  <name>Search/Facet/More</name>
  <powerpagecomponenttype>7</powerpagecomponenttype>
  <powerpagesiteid>
    <powerpagesiteid>7303651d-3310-4f42-ae00-52ddb8527bea</powerpagesiteid>
  </powerpagesiteid>
  <powerpagesitelanguageid>
    <powerpagesitelanguageid>8f17beb1-bdfd-4c11-a235-1a6c635d2fe9</powerpagesitelanguageid>
  </powerpagesitelanguageid>
  <statecode>0</statecode>
  <statuscode>1</statuscode>
</powerpagecomponent>