<powerpagecomponent powerpagecomponentid="eb9cabf5-8c6f-4168-9916-3c8a3b0de104">
  <content>{"contentdisposition":756150000,"enabletracking":false,"excludefromsearch":false,"hiddenfromsitemap":false,"parentpageid":"eaf58ae2-332f-4528-ab42-4c806ba92bcb","partialurl":"Graph-1.png","publishingstateid":"ab1632e7-1c01-4643-a039-39508cd6d3a4"}</content>
  <filecontent mimetype="application/octet-stream">Graph-1.png</filecontent>
  <iscustomizable>1</iscustomizable>
  <name>Graph-1.png</name>
  <powerpagecomponenttype>3</powerpagecomponenttype>
  <powerpagesiteid>
    <powerpagesiteid>7303651d-3310-4f42-ae00-52ddb8527bea</powerpagesiteid>
  </powerpagesiteid>
  <statecode>0</statecode>
  <statuscode>1</statuscode>
</powerpagecomponent>