<dvfilesearchattribute uniquename="ppages_b8ffaecb-7d10-45db-a2ef-f6aa96d350d7.msdyn_fileattachment">
  <attribute>
    <entityid.logicalname>msdyn_kbattachment</entityid.logicalname>
    <logicalname>msdyn_fileattachment</logicalname>
  </attribute>
  <dvfilesearchentity>
    <dvfilesearchentityid>7536e751-e8e9-4eb9-8cca-a9ae99811a32</dvfilesearchentityid>
  </dvfilesearchentity>
  <iscustomizable>1</iscustomizable>
  <isfilterable>0</isfilterable>
  <issearchable>1</issearchable>
  <isvectorizable>0</isvectorizable>
  <name>b8ffaecb-7d10-45db-a2ef-f6aa96d350d7.msdyn_fileattachment</name>
  <statecode>0</statecode>
  <statuscode>1</statuscode>
</dvfilesearchattribute>