<powerpagecomponent powerpagecomponentid="d09565e8-81d9-4e46-a3f5-f4feedba0c18">
  <content>{"disablepagevalidation":false,"displayimageonly":false,"displayorder":1,"displaypagechildlinks":false,"openinnewwindow":false,"pageid":"cc8b919e-546d-4f36-9be2-45d4d3edbe92","parentweblinkid":"3fc4e512-5bef-4c71-88b0-8ee18a44c932","publishingstateid":"ab1632e7-1c01-4643-a039-39508cd6d3a4","robotsfollowlink":true,"weblinksetid":"4961f374-1be2-4b4c-b683-d2333e61de07"}</content>
  <iscustomizable>1</iscustomizable>
  <name>Subpage 1</name>
  <powerpagecomponenttype>5</powerpagecomponenttype>
  <powerpagesiteid>
    <powerpagesiteid>7303651d-3310-4f42-ae00-52ddb8527bea</powerpagesiteid>
  </powerpagesiteid>
  <statecode>0</statecode>
  <statuscode>1</statuscode>
</powerpagecomponent>