<powerpagecomponent powerpagecomponentid="c4cf824e-dbc7-4a23-ae8c-95a5ace7320e">
  <content>{"adx_webpageaccesscontrolrule_webrole":["cda7cd00-1fcf-4d4a-8797-7793e21800e2"],"right":1,"scope":1,"webpageid":"eaf58ae2-332f-4528-ab42-4c806ba92bcb"}</content>
  <iscustomizable>1</iscustomizable>
  <name>Grant Change to Administrators</name>
  <powerpagecomponenttype>10</powerpagecomponenttype>
  <powerpagesiteid>
    <powerpagesiteid>7303651d-3310-4f42-ae00-52ddb8527bea</powerpagesiteid>
  </powerpagesiteid>
  <statecode>0</statecode>
  <statuscode>1</statuscode>
</powerpagecomponent>