<powerpagecomponent powerpagecomponentid="a01a3c7c-8547-41b1-aab9-6135c79dbf1f">
  <content>{
  "description": "This is the default studio template. Please do not modify.",
  "type": 756150001,
  "usewebsiteheaderandfooter": true,
  "webtemplateid": "90ac3d3d-5008-4259-89b9-f51a0a4cf9d6",
  "isdefault": false
}</content>
  <iscustomizable>1</iscustomizable>
  <name>AI Search PageTemplate</name>
  <powerpagecomponenttype>6</powerpagecomponenttype>
  <powerpagesiteid>
    <powerpagesiteid>7303651d-3310-4f42-ae00-52ddb8527bea</powerpagesiteid>
  </powerpagesiteid>
  <statecode>0</statecode>
  <statuscode>1</statuscode>
</powerpagecomponent>