<powerpagecomponent powerpagecomponentid="19b749de-2832-48fe-bc5e-5d9ff857c726">
  <content>{"source":"&lt;div class=\"wrapper-body\"&gt;\r\n    &lt;div class=\"container\"&gt;\r\n        &lt;div class=\"page-heading\"&gt;\r\n            {% block breadcrumbs %}\r\n            {% include 'Breadcrumbs' %}\r\n            {% endblock %}\r\n            {% block title %}\r\n            {% include 'Page Header' %}\r\n            {% endblock %}\r\n        &lt;/div&gt;\r\n    &lt;/div&gt;\r\n    &lt;div id=\"mainContent\"&gt;\r\n    {% block main %}\r\n    {% include 'Page Copy' %}\r\n    {% endblock %}\r\n    &lt;/div&gt;\r\n    &lt;div class=\"push\"&gt;&lt;/div&gt;\r\n&lt;/div&gt;"}</content>
  <iscustomizable>1</iscustomizable>
  <name>Layout 1 Column</name>
  <powerpagecomponenttype>8</powerpagecomponenttype>
  <powerpagesiteid>
    <powerpagesiteid>7303651d-3310-4f42-ae00-52ddb8527bea</powerpagesiteid>
  </powerpagesiteid>
  <statecode>0</statecode>
  <statuscode>1</statuscode>
</powerpagecomponent>