<powerpagecomponent powerpagecomponentid="9bf59f5d-fe81-459f-93fd-cec24f6f4f3e">
  <content>{"adddescription":false,"attributelogicalname":"adx_contactemail","descriptionposition":100000000,"entityform":"947ae3aa-b4cc-48f6-958a-73661cecf803","fieldisrequired":true,"ignoredefaultvalue":false,"onsavetype":100000000,"randomizeoptionsetvalues":false,"setvalueonsave":false,"type":100000000,"useattributedescriptionproperty":true}</content>
  <iscustomizable>1</iscustomizable>
  <name>simple contact us form adx_contactemail</name>
  <powerpagecomponenttype>16</powerpagecomponenttype>
  <powerpagesiteid>
    <powerpagesiteid>7303651d-3310-4f42-ae00-52ddb8527bea</powerpagesiteid>
  </powerpagesiteid>
  <statecode>0</statecode>
  <statuscode>1</statuscode>
</powerpagecomponent>