<dvfilesearchattribute uniquename="ppages_9b691712-e181-4c33-9e3f-c1e239c8f91e.content">
  <attribute>
    <entityid.logicalname>knowledgearticle</entityid.logicalname>
    <logicalname>content</logicalname>
  </attribute>
  <dvfilesearchentity>
    <dvfilesearchentityid>dd5a210a-b29c-4301-91e2-45fdf25a6155</dvfilesearchentityid>
  </dvfilesearchentity>
  <iscustomizable>1</iscustomizable>
  <isfilterable>0</isfilterable>
  <issearchable>1</issearchable>
  <isvectorizable>0</isvectorizable>
  <name>9b691712-e181-4c33-9e3f-c1e239c8f91e.content</name>
  <statecode>0</statecode>
  <statuscode>1</statuscode>
</dvfilesearchattribute>