<powerpagecomponent powerpagecomponentid="62d180a3-0b7a-4868-97a2-a7622b8352e0">
  <content>{"disablepagevalidation":false,"displayimageonly":false,"displayorder":3,"displaypagechildlinks":false,"openinnewwindow":false,"pageid":"feabb9ab-caa4-44e4-9eb6-6b680a259a87","publishingstateid":"ab1632e7-1c01-4643-a039-39508cd6d3a4","robotsfollowlink":true,"weblinksetid":"4961f374-1be2-4b4c-b683-d2333e61de07"}</content>
  <iscustomizable>1</iscustomizable>
  <name>Contact us</name>
  <powerpagecomponenttype>5</powerpagecomponenttype>
  <powerpagesiteid>
    <powerpagesiteid>7303651d-3310-4f42-ae00-52ddb8527bea</powerpagesiteid>
  </powerpagesiteid>
  <statecode>0</statecode>
  <statuscode>1</statuscode>
</powerpagecomponent>