<powerpagecomponent powerpagecomponentid="8e4737ac-2a19-47fc-a050-405c700c780a">
  <content>{"enablerating":false,"enabletracking":false,"excludefromsearch":true,"feedbackpolicy":756150000,"hiddenfromsitemap":true,"isroot":true,"pagetemplateid":"82af1470-e557-4bd8-b7ef-a9fbd29779ed","parentpageid":"eaf58ae2-332f-4528-ab42-4c806ba92bcb","partialurl":"page-not-found","publishingstateid":"ab1632e7-1c01-4643-a039-39508cd6d3a4","sharedpageconfiguration":false}</content>
  <iscustomizable>1</iscustomizable>
  <name>Page Not Found</name>
  <powerpagecomponenttype>2</powerpagecomponenttype>
  <powerpagesiteid>
    <powerpagesiteid>7303651d-3310-4f42-ae00-52ddb8527bea</powerpagesiteid>
  </powerpagesiteid>
  <searchcontent>Page Not Found</searchcontent>
  <statecode>0</statecode>
  <statuscode>1</statuscode>
</powerpagecomponent>