<powerpagecomponent powerpagecomponentid="82af1470-e557-4bd8-b7ef-a9fbd29779ed">
  <content>{"description":"Default studio template. Please do not modify.","entityname":"adx_webpage","isdefault":false,"type":756150001,"usewebsiteheaderandfooter":true,"webtemplateid":"90ac3d3d-5008-4259-89b9-f51a0a4cf9d6"}</content>
  <iscustomizable>1</iscustomizable>
  <name>Default studio template</name>
  <powerpagecomponenttype>6</powerpagecomponenttype>
  <powerpagesiteid>
    <powerpagesiteid>7303651d-3310-4f42-ae00-52ddb8527bea</powerpagesiteid>
  </powerpagesiteid>
  <statecode>0</statecode>
  <statuscode>1</statuscode>
</powerpagecomponent>