<powerpagecomponent powerpagecomponentid="51d6329b-293a-4435-a2d2-545548a82898">
  <content>{"disablepagevalidation":false,"displayimageonly":false,"displayorder":1,"displaypagechildlinks":false,"openinnewwindow":false,"pageid":"eaf58ae2-332f-4528-ab42-4c806ba92bcb","publishingstateid":"ab1632e7-1c01-4643-a039-39508cd6d3a4","robotsfollowlink":true,"weblinksetid":"8009c825-1f35-4be8-9e1d-acd6cecb8bc1"}</content>
  <iscustomizable>1</iscustomizable>
  <name>Home</name>
  <powerpagecomponenttype>5</powerpagecomponenttype>
  <powerpagesiteid>
    <powerpagesiteid>7303651d-3310-4f42-ae00-52ddb8527bea</powerpagesiteid>
  </powerpagesiteid>
  <statecode>0</statecode>
  <statuscode>1</statuscode>
</powerpagecomponent>