<powerpagecomponent powerpagecomponentid="b600efba-95f7-44b3-95a6-a7dbb9ee90dd">
  <content>{"adx_entitypermission_webrole":["7c80a707-56f4-4eae-afe9-cfa87d5a56e8","cda7cd00-1fcf-4d4a-8797-7793e21800e2","fc75cbf8-6ff7-400a-946d-64b0cf5ea632"],"append":false,"appendto":false,"create":true,"delete":false,"entitylogicalname":"feedback","entityname":"Feedback","read":false,"scope":756150000,"write":false}</content>
  <iscustomizable>1</iscustomizable>
  <name>Feedback</name>
  <powerpagecomponenttype>18</powerpagecomponenttype>
  <powerpagesiteid>
    <powerpagesiteid>7303651d-3310-4f42-ae00-52ddb8527bea</powerpagesiteid>
  </powerpagesiteid>
  <statecode>0</statecode>
  <statuscode>1</statuscode>
</powerpagecomponent>