<dvfilesearchattribute uniquename="ppages_45c3efba-3020-46fe-84f0-19b369ee709a.msdyn_contentstore">
  <attribute>
    <entityid.logicalname>knowledgearticle</entityid.logicalname>
    <logicalname>msdyn_contentstore</logicalname>
  </attribute>
  <dvfilesearchentity>
    <dvfilesearchentityid>dd5a210a-b29c-4301-91e2-45fdf25a6155</dvfilesearchentityid>
  </dvfilesearchentity>
  <iscustomizable>1</iscustomizable>
  <isfilterable>0</isfilterable>
  <issearchable>1</issearchable>
  <isvectorizable>0</isvectorizable>
  <name>45c3efba-3020-46fe-84f0-19b369ee709a.msdyn_contentstore</name>
  <statecode>0</statecode>
  <statuscode>1</statuscode>
</dvfilesearchattribute>