<powerpagecomponent powerpagecomponentid="9a4159ea-284d-4c3f-a0d2-ea677ddd6d0b">
  <content>{"displayorder":2,"enablerating":false,"enabletracking":false,"excludefromsearch":false,"feedbackpolicy":756150000,"hiddenfromsitemap":false,"isroot":true,"pagetemplateid":"82af1470-e557-4bd8-b7ef-a9fbd29779ed","parentpageid":"bd192080-8725-4a64-99ee-2c7a9ead5927","partialurl":"subpage-2","publishingstateid":"ab1632e7-1c01-4643-a039-39508cd6d3a4","sharedpageconfiguration":false,"title":"Subpage 2"}</content>
  <iscustomizable>1</iscustomizable>
  <name>Subpage 2</name>
  <powerpagecomponenttype>2</powerpagecomponenttype>
  <powerpagesiteid>
    <powerpagesiteid>7303651d-3310-4f42-ae00-52ddb8527bea</powerpagesiteid>
  </powerpagesiteid>
  <searchcontent>Subpage 2Subpage 2</searchcontent>
  <statecode>0</statecode>
  <statuscode>1</statuscode>
</powerpagecomponent>