<powerpagecomponent powerpagecomponentid="bcd92398-1c35-4fe3-ab4d-d180adb11790">
  <content>{"display_name":"Home/Subtitle","type":756150000,"value":"This is  sample landing page for you to start building your website."}</content>
  <iscustomizable>1</iscustomizable>
  <name>Home/Subtitle</name>
  <powerpagecomponenttype>7</powerpagecomponenttype>
  <powerpagesiteid>
    <powerpagesiteid>7303651d-3310-4f42-ae00-52ddb8527bea</powerpagesiteid>
  </powerpagesiteid>
  <powerpagesitelanguageid>
    <powerpagesitelanguageid>8f17beb1-bdfd-4c11-a235-1a6c635d2fe9</powerpagesitelanguageid>
  </powerpagesitelanguageid>
  <statecode>0</statecode>
  <statuscode>1</statuscode>
</powerpagecomponent>