<powerpagecomponent powerpagecomponentid="dec61d7e-d0fe-4f0f-ad8e-aafb8fdd066f">
  <content>{"entityname":"adx_webpage","isdefault":false,"rewriteurl":"~/Pages/Search.aspx","type":756150000,"usewebsiteheaderandfooter":true,"webtemplateid":"f71c13c8-7ae0-4217-9456-ceb5cfcedb05"}</content>
  <iscustomizable>1</iscustomizable>
  <name>Search</name>
  <powerpagecomponenttype>6</powerpagecomponenttype>
  <powerpagesiteid>
    <powerpagesiteid>7303651d-3310-4f42-ae00-52ddb8527bea</powerpagesiteid>
  </powerpagesiteid>
  <statecode>0</statecode>
  <statuscode>1</statuscode>
</powerpagecomponent>