<powerpagecomponent powerpagecomponentid="ba9ba425-f515-4fd4-ac73-b0f12a5ba82c">
  <content>{"enablerating":false,"enabletracking":false,"excludefromsearch":false,"feedbackpolicy":756150000,"hiddenfromsitemap":true,"isroot":true,"pagetemplateid":"fd974d70-ce19-409e-869c-2b546c1a88ee","parentpageid":"eaf58ae2-332f-4528-ab42-4c806ba92bcb","partialurl":"profile","publishingstateid":"ab1632e7-1c01-4643-a039-39508cd6d3a4","sharedpageconfiguration":false,"title":"Profile"}</content>
  <iscustomizable>1</iscustomizable>
  <name>Profile</name>
  <powerpagecomponenttype>2</powerpagecomponenttype>
  <powerpagesiteid>
    <powerpagesiteid>7303651d-3310-4f42-ae00-52ddb8527bea</powerpagesiteid>
  </powerpagesiteid>
  <searchcontent>ProfileProfile</searchcontent>
  <statecode>0</statecode>
  <statuscode>1</statuscode>
</powerpagecomponent>