<ImportExportXml version="9.2.25083.177" SolutionPackageVersion="9.2" languagecode="1033" generatedBy="CrmLive" xmlns:xsi="http://www.w3.org/2001/XMLSchema-instance" OrganizationVersion="9.2.25083.177" OrganizationSchemaType="Standard" CRMServerServiceabilityVersion="9.2.25083.00177">
  <SolutionManifest>
    <UniqueName>EventManagement</UniqueName>
    <LocalizedNames>
      <LocalizedName description="Event Management" languagecode="1033" />
    </LocalizedNames>
    <Descriptions />
    <Version>1.0.0.1</Version>
    <Managed>0</Managed>
    <Publisher>
      <UniqueName>EventMSLearn</UniqueName>
      <LocalizedNames>
        <LocalizedName description="EventMSLearn" languagecode="1033" />
      </LocalizedNames>
      <Descriptions />
      <EMailAddress xsi:nil="true"></EMailAddress>
      <SupportingWebsiteUrl xsi:nil="true"></SupportingWebsiteUrl>
      <CustomizationPrefix>mslearn</CustomizationPrefix>
      <CustomizationOptionValuePrefix>84494</CustomizationOptionValuePrefix>
      <Addresses>
        <Address>
          <AddressNumber>1</AddressNumber>
          <AddressTypeCode>1</AddressTypeCode>
          <City xsi:nil="true"></City>
          <County xsi:nil="true"></County>
          <Country xsi:nil="true"></Country>
          <Fax xsi:nil="true"></Fax>
          <FreightTermsCode xsi:nil="true"></FreightTermsCode>
          <ImportSequenceNumber xsi:nil="true"></ImportSequenceNumber>
          <Latitude xsi:nil="true"></Latitude>
          <Line1 xsi:nil="true"></Line1>
          <Line2 xsi:nil="true"></Line2>
          <Line3 xsi:nil="true"></Line3>
          <Longitude xsi:nil="true"></Longitude>
          <Name xsi:nil="true"></Name>
          <PostalCode xsi:nil="true"></PostalCode>
          <PostOfficeBox xsi:nil="true"></PostOfficeBox>
          <PrimaryContactName xsi:nil="true"></PrimaryContactName>
          <ShippingMethodCode>1</ShippingMethodCode>
          <StateOrProvince xsi:nil="true"></StateOrProvince>
          <Telephone1 xsi:nil="true"></Telephone1>
          <Telephone2 xsi:nil="true"></Telephone2>
          <Telephone3 xsi:nil="true"></Telephone3>
          <TimeZoneRuleVersionNumber xsi:nil="true"></TimeZoneRuleVersionNumber>
          <UPSZone xsi:nil="true"></UPSZone>
          <UTCOffset xsi:nil="true"></UTCOffset>
          <UTCConversionTimeZoneCode xsi:nil="true"></UTCConversionTimeZoneCode>
        </Address>
        <Address>
          <AddressNumber>2</AddressNumber>
          <AddressTypeCode>1</AddressTypeCode>
          <City xsi:nil="true"></City>
          <County xsi:nil="true"></County>
          <Country xsi:nil="true"></Country>
          <Fax xsi:nil="true"></Fax>
          <FreightTermsCode xsi:nil="true"></FreightTermsCode>
          <ImportSequenceNumber xsi:nil="true"></ImportSequenceNumber>
          <Latitude xsi:nil="true"></Latitude>
          <Line1 xsi:nil="true"></Line1>
          <Line2 xsi:nil="true"></Line2>
          <Line3 xsi:nil="true"></Line3>
          <Longitude xsi:nil="true"></Longitude>
          <Name xsi:nil="true"></Name>
          <PostalCode xsi:nil="true"></PostalCode>
          <PostOfficeBox xsi:nil="true"></PostOfficeBox>
          <PrimaryContactName xsi:nil="true"></PrimaryContactName>
          <ShippingMethodCode>1</ShippingMethodCode>
          <StateOrProvince xsi:nil="true"></StateOrProvince>
          <Telephone1 xsi:nil="true"></Telephone1>
          <Telephone2 xsi:nil="true"></Telephone2>
          <Telephone3 xsi:nil="true"></Telephone3>
          <TimeZoneRuleVersionNumber xsi:nil="true"></TimeZoneRuleVersionNumber>
          <UPSZone xsi:nil="true"></UPSZone>
          <UTCOffset xsi:nil="true"></UTCOffset>
          <UTCConversionTimeZoneCode xsi:nil="true"></UTCConversionTimeZoneCode>
        </Address>
      </Addresses>
    </Publisher>
    <RootComponents>
      <RootComponent type="1" schemaName="account" behavior="0" />
      <RootComponent type="1" schemaName="contact" behavior="0" />
      <RootComponent type="1" schemaName="knowledgearticle" behavior="1" />
      <RootComponent type="1" schemaName="msdyn_kbattachment" behavior="1" />
      <RootComponent type="1" schemaName="mslearn_equipment" behavior="0" />
      <RootComponent type="1" schemaName="mslearn_event" behavior="0" />
      <RootComponent type="1" schemaName="mslearn_eventsession" behavior="0" />
      <RootComponent type="1" schemaName="mslearn_sessionregistration" behavior="0" />
    </RootComponents>
    <MissingDependencies>
      <MissingDependency>
        <Required type="1" schemaName="adx_externalidentity" displayName="External Identity" solution="PowerPages_RuntimeCore (1.0.2407.1)">
          <package appName="Power Pages Core Package" version="1.1.2508.184">PowerPages_Core (1.1.2508.184)</package>
        </Required>
        <Dependent type="1" schemaName="contact" displayName="Contact" />
      </MissingDependency>
      <MissingDependency>
        <Required type="1" schemaName="adx_invitation" displayName="Invitation" solution="PowerPages_RuntimeCore (1.0.2407.1)">
          <package appName="Power Pages Core Package" version="1.1.2508.184">PowerPages_Core (1.1.2508.184)</package>
        </Required>
        <Dependent type="1" schemaName="account" displayName="Account" />
      </MissingDependency>
      <MissingDependency>
        <Required type="1" schemaName="adx_invitation" displayName="Invitation" solution="PowerPages_RuntimeCore (1.0.2407.1)">
          <package appName="Power Pages Core Package" version="1.1.2508.184">PowerPages_Core (1.1.2508.184)</package>
        </Required>
        <Dependent type="1" schemaName="contact" displayName="Contact" />
      </MissingDependency>
      <MissingDependency>
        <Required type="1" schemaName="adx_webformsession" displayName="Multistep Form Session" solution="PowerPages_RuntimeCore (1.0.2407.1)">
          <package appName="Power Pages Core Package" version="1.1.2508.184">PowerPages_Core (1.1.2508.184)</package>
        </Required>
        <Dependent type="1" schemaName="contact" displayName="Contact" />
      </MissingDependency>
      <MissingDependency>
        <Required type="1" schemaName="msdyn_kbattachment" displayName="Knowledge Article Attachment" solution="msdynce_KnowledgeManagementFeatures (9.0.25081.5003)">
          <package appName="msdynce_KnowledgeManagement" version="9.0.25081.5003">msdynce_KnowledgeManagementAnchor (9.0.25081.5003)</package>
        </Required>
        <Dependent type="1" schemaName="msdyn_kbattachment" displayName="Knowledge Article Attachment" />
      </MissingDependency>
      <MissingDependency>
        <Required type="1" schemaName="msdyn_kbattachment" displayName="Knowledge Article Attachment" solution="msdynce_KnowledgeManagementFeatures (9.0.25081.5003)">
          <package appName="msdynce_KnowledgeManagement" version="9.0.25081.5003">msdynce_KnowledgeManagementAnchor (9.0.25081.5003)</package>
        </Required>
        <Dependent type="26" schemaName="Starter Site bot Answers" displayName="Starter Site bot Answers" parentSchemaName="msdyn_kbattachment" parentDisplayName="Knowledge Article Attachment" id="{c9ab2521-c3ed-44f7-ab31-80a8d16e4bca}" />
      </MissingDependency>
      <MissingDependency>
        <Required type="1" schemaName="msdyn_kbattachment" displayName="Knowledge Article Attachment" solution="msdynce_KnowledgeManagementFeatures (9.0.25081.5003)">
          <package appName="msdynce_KnowledgeManagement" version="9.0.25081.5003">msdynce_KnowledgeManagementAnchor (9.0.25081.5003)</package>
        </Required>
        <Dependent type="DVFileSearchEntity" id="{7536e751-e8e9-4eb9-8cca-a9ae99811a32}" />
      </MissingDependency>
      <MissingDependency>
        <Required type="1" schemaName="powerpagessiteaifeedback" displayName="Power Pages Site AI Feedback" solution="PowerPages_RuntimeExtensions (1.1.2501.1)">
          <package appName="Power Pages Core Package" version="1.1.2508.184">PowerPages_Core (1.1.2508.184)</package>
        </Required>
        <Dependent type="1" schemaName="contact" displayName="Contact" />
      </MissingDependency>
      <MissingDependency>
        <Required type="2" schemaName="msdyn_contentstore" displayName="File storage content reference" parentSchemaName="knowledgearticle" parentDisplayName="Knowledge Article" solution="msdynce_KnowledgeManagementPatch (9.0.25081.5003)">
          <package appName="msdynce_KnowledgeManagement" version="9.0.25081.5003">msdynce_KnowledgeManagementAnchor (9.0.25081.5003)</package>
        </Required>
        <Dependent type="26" schemaName="Starter Site bot Answers" displayName="Starter Site bot Answers" parentSchemaName="knowledgearticle" parentDisplayName="Knowledge Article" id="{c08f5ff7-47f5-4338-b63a-9d8ec698aa79}" />
      </MissingDependency>
      <MissingDependency>
        <Required type="2" schemaName="msdyn_contentstore" displayName="File storage content reference" parentSchemaName="knowledgearticle" parentDisplayName="Knowledge Article" solution="msdynce_KnowledgeManagementPatch (9.0.25081.5003)">
          <package appName="msdynce_KnowledgeManagement" version="9.0.25081.5003">msdynce_KnowledgeManagementAnchor (9.0.25081.5003)</package>
        </Required>
        <Dependent type="DVFileSearchAttribute" displayName="ppages_45c3efba-3020-46fe-84f0-19b369ee709a.msdyn_contentstore" id.uniquename="ppages_45c3efba-3020-46fe-84f0-19b369ee709a.msdyn_contentstore" />
      </MissingDependency>
      <MissingDependency>
        <Required type="2" schemaName="msdyn_fileattachment" displayName="File Attachment" parentSchemaName="msdyn_kbattachment" parentDisplayName="Knowledge Article Attachment" solution="msdynce_KnowledgeManagementFeatures (9.0.25081.5003)">
          <package appName="msdynce_KnowledgeManagement" version="9.0.25081.5003">msdynce_KnowledgeManagementAnchor (9.0.25081.5003)</package>
        </Required>
        <Dependent type="26" schemaName="Starter Site bot Answers" displayName="Starter Site bot Answers" parentSchemaName="msdyn_kbattachment" parentDisplayName="Knowledge Article Attachment" id="{c9ab2521-c3ed-44f7-ab31-80a8d16e4bca}" />
      </MissingDependency>
      <MissingDependency>
        <Required type="2" schemaName="msdyn_fileattachment" displayName="File Attachment" parentSchemaName="msdyn_kbattachment" parentDisplayName="Knowledge Article Attachment" solution="msdynce_KnowledgeManagementFeatures (9.0.25081.5003)">
          <package appName="msdynce_KnowledgeManagement" version="9.0.25081.5003">msdynce_KnowledgeManagementAnchor (9.0.25081.5003)</package>
        </Required>
        <Dependent type="DVFileSearchAttribute" displayName="ppages_b8ffaecb-7d10-45db-a2ef-f6aa96d350d7.msdyn_fileattachment" id.uniquename="ppages_b8ffaecb-7d10-45db-a2ef-f6aa96d350d7.msdyn_fileattachment" />
      </MissingDependency>
    </MissingDependencies>
  </SolutionManifest>
</ImportExportXml>