<bot schemaname="cr5c1_330d9970-7666-47a5-9055-20c97a1bb43a">
  <authenticationconfiguration>{
  "$kind": "BotAuthenticationConfiguration",
  "connectionName": "30b51473-2d57-4b95-9449-0f38c507d301"
}</authenticationconfiguration>
  <authenticationmode>4</authenticationmode>
  <authenticationtrigger>1</authenticationtrigger>
  <iscustomizable>1</iscustomizable>
  <language>1033</language>
  <name>Starter Site bot</name>
  <runtimeprovider>0</runtimeprovider>
  <synchronizationstatus>{
  "$kind": "BotSynchronizationDetails",
  "contentVersion": 2,
  "lastFinishedPublishOperation": {
    "$kind": "PublishResultDetails",
    "operationStart": "2025-09-18T19:33:06.8590956Z",
    "operationEnd": "2025-09-18T19:33:19.3526129Z",
    "status": "Succeeded"
  },
  "lastPublishedDetails": {
    "$kind": "SuccessfulPublishResultDetails",
    "authenticationMode": "GenericOAuth2"
  },
  "currentSynchronizationState": {
    "$kind": "SynchronizationState",
    "botRegistration": {
      "$kind": "BotRegistrationDetails",
      "botRegistrationIdConsumptionTime": "2025-09-18T19:32:54Z",
      "applicationId": "34852d49-df79-4a5e-8f90-ee05b8904a16",
      "isAppAvailableInTenant": true
    },
    "provisioningStatus": "Provisioned",
    "state": "Synchronized"
  },
  "lastSynchronizedOnUtc": "2025-09-18T19:33:27.1604669Z"
}</synchronizationstatus>
  <template>powerpages-1.0.0</template>
  <timezoneruleversionnumber>4</timezoneruleversionnumber>
</bot>