<powerpagecomponent powerpagecomponentid="9dbd1921-922e-4167-9dfd-572472ff126d">
  <content>{"source":"{% unless placement %}\r\n  {% if id %}\r\n    {% assign placement = polls.placements[id] %}\r\n  {% elsif name %}\r\n    {% assign placement = polls.placements[name] %}\r\n  {% endif %}\r\n{% endunless %}\r\n\r\n{% if placement %}\r\n&lt;div class=\"poll\" data-url=\"{{ placement.random_url | h }}\" data-submit-url=\"{{ placement.submit_url | h }}\"&gt;&lt;/div&gt;\r\n{% endif %}"}</content>
  <iscustomizable>1</iscustomizable>
  <name>Random Poll</name>
  <powerpagecomponenttype>8</powerpagecomponenttype>
  <powerpagesiteid>
    <powerpagesiteid>7303651d-3310-4f42-ae00-52ddb8527bea</powerpagesiteid>
  </powerpagesiteid>
  <statecode>0</statecode>
  <statuscode>1</statuscode>
</powerpagecomponent>