<powerpagecomponent powerpagecomponentid="9c8185b5-60f0-4f28-9304-1cdd16509131">
  <content>{"contentdisposition":756150000,"enabletracking":false,"excludefromsearch":false,"hiddenfromsitemap":false,"parentpageid":"eaf58ae2-332f-4528-ab42-4c806ba92bcb","partialurl":"Circle-1.png","publishingstateid":"ab1632e7-1c01-4643-a039-39508cd6d3a4"}</content>
  <filecontent mimetype="application/octet-stream">Circle-1.png</filecontent>
  <iscustomizable>1</iscustomizable>
  <name>Circle-1.png</name>
  <powerpagecomponenttype>3</powerpagecomponenttype>
  <powerpagesiteid>
    <powerpagesiteid>7303651d-3310-4f42-ae00-52ddb8527bea</powerpagesiteid>
  </powerpagesiteid>
  <statecode>0</statecode>
  <statuscode>1</statuscode>
</powerpagecomponent>