<powerpagecomponent powerpagecomponentid="103f8e31-0e6f-47bf-8074-7f795566d765">
  <content>{"disablepagevalidation":false,"displayimageonly":false,"displayorder":1,"displaypagechildlinks":false,"openinnewwindow":false,"pageid":"cc8b919e-546d-4f36-9be2-45d4d3edbe92","parentweblinkid":"7e93b043-bc7b-4877-81cb-1bc9acbdcba6","publishingstateid":"ab1632e7-1c01-4643-a039-39508cd6d3a4","robotsfollowlink":true,"weblinksetid":"8009c825-1f35-4be8-9e1d-acd6cecb8bc1"}</content>
  <iscustomizable>1</iscustomizable>
  <name>Subpage 1</name>
  <powerpagecomponenttype>5</powerpagecomponenttype>
  <powerpagesiteid>
    <powerpagesiteid>7303651d-3310-4f42-ae00-52ddb8527bea</powerpagesiteid>
  </powerpagesiteid>
  <statecode>0</statecode>
  <statuscode>1</statuscode>
</powerpagecomponent>