<powerpagecomponent powerpagecomponentid="e405b172-5f1c-4431-9c76-3a7d6605935b">
  <content>{"disablepagevalidation":false,"displayimageonly":false,"displayorder":2,"displaypagechildlinks":false,"openinnewwindow":false,"pageid":"9a4159ea-284d-4c3f-a0d2-ea677ddd6d0b","parentweblinkid":"7e93b043-bc7b-4877-81cb-1bc9acbdcba6","publishingstateid":"ab1632e7-1c01-4643-a039-39508cd6d3a4","robotsfollowlink":true,"weblinksetid":"8009c825-1f35-4be8-9e1d-acd6cecb8bc1"}</content>
  <iscustomizable>1</iscustomizable>
  <name>Subpage 2</name>
  <powerpagecomponenttype>5</powerpagecomponenttype>
  <powerpagesiteid>
    <powerpagesiteid>7303651d-3310-4f42-ae00-52ddb8527bea</powerpagesiteid>
  </powerpagesiteid>
  <statecode>0</statecode>
  <statuscode>1</statuscode>
</powerpagecomponent>