<powerpagecomponent powerpagecomponentid="e5dc6722-30eb-4c79-8c2c-ad41a548341f">
  <content>{"contentdisposition":756150000,"displayorder":9,"enabletracking":false,"excludefromsearch":true,"hiddenfromsitemap":false,"parentpageid":"eaf58ae2-332f-4528-ab42-4c806ba92bcb","partialurl":"theme.css","publishingstateid":"ab1632e7-1c01-4643-a039-39508cd6d3a4"}</content>
  <filecontent mimetype="application/octet-stream">theme.css</filecontent>
  <iscustomizable>1</iscustomizable>
  <name>theme.css</name>
  <powerpagecomponenttype>3</powerpagecomponenttype>
  <powerpagesiteid>
    <powerpagesiteid>7303651d-3310-4f42-ae00-52ddb8527bea</powerpagesiteid>
  </powerpagesiteid>
  <statecode>0</statecode>
  <statuscode>1</statuscode>
</powerpagecomponent>