<botcomponent schemaname="cr5c1_330d9970-7666-47a5-9055-20c97a1bb43a.topic.OnError">
  <componenttype>9</componenttype>
  <description>This system topic triggers when the agent encounters an error. When using the test chat pane, the full error description is displayed.</description>
  <iscustomizable>0</iscustomizable>
  <name>On Error</name>
  <parentbotid>
    <schemaname>cr5c1_330d9970-7666-47a5-9055-20c97a1bb43a</schemaname>
  </parentbotid>
  <statecode>0</statecode>
  <statuscode>1</statuscode>
</botcomponent>