<powerpagecomponent powerpagecomponentid="5b00104a-3db3-472d-aa7e-cef86cc468fc">
  <content>{"disablepagevalidation":false,"displayimageonly":false,"displayorder":1,"displaypagechildlinks":false,"openinnewwindow":false,"pageid":"eaf58ae2-332f-4528-ab42-4c806ba92bcb","publishingstateid":"ab1632e7-1c01-4643-a039-39508cd6d3a4","robotsfollowlink":true,"weblinksetid":"4961f374-1be2-4b4c-b683-d2333e61de07"}</content>
  <iscustomizable>1</iscustomizable>
  <name>Home</name>
  <powerpagecomponenttype>5</powerpagecomponenttype>
  <powerpagesiteid>
    <powerpagesiteid>7303651d-3310-4f42-ae00-52ddb8527bea</powerpagesiteid>
  </powerpagesiteid>
  <statecode>0</statecode>
  <statuscode>1</statuscode>
</powerpagecomponent>