<powerpagecomponent powerpagecomponentid="8482a89a-996a-46bd-9d5b-710583d91140">
  <content>{"contentdisposition":756150000,"enabletracking":false,"excludefromsearch":false,"hiddenfromsitemap":false,"parentpageid":"eaf58ae2-332f-4528-ab42-4c806ba92bcb","partialurl":"Cat-PC.png","publishingstateid":"ab1632e7-1c01-4643-a039-39508cd6d3a4"}</content>
  <filecontent mimetype="application/octet-stream">Cat-PC.png</filecontent>
  <iscustomizable>1</iscustomizable>
  <name>Cat-PC.png</name>
  <powerpagecomponenttype>3</powerpagecomponenttype>
  <powerpagesiteid>
    <powerpagesiteid>7303651d-3310-4f42-ae00-52ddb8527bea</powerpagesiteid>
  </powerpagesiteid>
  <statecode>0</statecode>
  <statuscode>1</statuscode>
</powerpagecomponent>