<powerpagecomponent powerpagecomponentid="48a1672f-483b-4c9d-b586-1d9ec1cb9c58">
  <content>{"enablerating":false,"enabletracking":false,"excludefromsearch":false,"feedbackpolicy":756150000,"hiddenfromsitemap":true,"isroot":false,"pagetemplateid":"dec61d7e-d0fe-4f0f-ad8e-aafb8fdd066f","parentpageid":"eaf58ae2-332f-4528-ab42-4c806ba92bcb","partialurl":"search","publishingstateid":"ab1632e7-1c01-4643-a039-39508cd6d3a4","rootwebpageid":"b3ac5795-f840-451f-b1dd-2e32b348c1da","sharedpageconfiguration":false}</content>
  <iscustomizable>1</iscustomizable>
  <name>Search</name>
  <powerpagecomponenttype>2</powerpagecomponenttype>
  <powerpagesiteid>
    <powerpagesiteid>7303651d-3310-4f42-ae00-52ddb8527bea</powerpagesiteid>
  </powerpagesiteid>
  <powerpagesitelanguageid>
    <powerpagesitelanguageid>8f17beb1-bdfd-4c11-a235-1a6c635d2fe9</powerpagesitelanguageid>
  </powerpagesitelanguageid>
  <searchcontent>Search</searchcontent>
  <statecode>0</statecode>
  <statuscode>1</statuscode>
</powerpagecomponent>