<powerpagecomponent powerpagecomponentid="2d673fee-7535-a752-7a44-7623618116b7">
  <content>{
  "displayorder": 4,
  "customcss": "",
  "customjavascript": "",
  "pagetemplateid": "82af1470-e557-4bd8-b7ef-a9fbd29779ed",
  "parentpageid": "eaf58ae2-332f-4528-ab42-4c806ba92bcb",
  "partialurl": "New-Page",
  "isroot": true,
  "title": "New Page",
  "summary": "&lt;p&gt;This is a sample landing page designed to be a starting point for your website&lt;/p&gt;",
  "copy": "",
  "publishingstateid": "ab1632e7-1c01-4643-a039-39508cd6d3a4",
  "enablerating": false,
  "enabletracking": false,
  "excludefromsearch": false,
  "hiddenfromsitemap": true,
  "sharedpageconfiguration": false
}</content>
  <iscustomizable>1</iscustomizable>
  <name>New Page</name>
  <powerpagecomponenttype>2</powerpagecomponenttype>
  <powerpagesiteid>
    <powerpagesiteid>7303651d-3310-4f42-ae00-52ddb8527bea</powerpagesiteid>
  </powerpagesiteid>
  <searchcontent>New PageNew Page</searchcontent>
  <statecode>0</statecode>
  <statuscode>1</statuscode>
</powerpagecomponent>