<botcomponent schemaname="cr5c1_330d9970-7666-47a5-9055-20c97a1bb43a.topic.MultipleTopicsMatched">
  <componenttype>9</componenttype>
  <description>This system topic triggers when the agent matches multiple Topics with the incoming message and needs to clarify which one should be triggered.</description>
  <iscustomizable>0</iscustomizable>
  <name>Multiple Topics Matched</name>
  <parentbotid>
    <schemaname>cr5c1_330d9970-7666-47a5-9055-20c97a1bb43a</schemaname>
  </parentbotid>
  <statecode>0</statecode>
  <statuscode>1</statuscode>
</botcomponent>