<dvfilesearchattribute uniquename="ppages_668191b1-7781-410b-a827-8f99aad0caca.keywords">
  <attribute>
    <entityid.logicalname>knowledgearticle</entityid.logicalname>
    <logicalname>keywords</logicalname>
  </attribute>
  <dvfilesearchentity>
    <dvfilesearchentityid>dd5a210a-b29c-4301-91e2-45fdf25a6155</dvfilesearchentityid>
  </dvfilesearchentity>
  <iscustomizable>1</iscustomizable>
  <isfilterable>0</isfilterable>
  <issearchable>1</issearchable>
  <isvectorizable>0</isvectorizable>
  <name>668191b1-7781-410b-a827-8f99aad0caca.keywords</name>
  <statecode>0</statecode>
  <statuscode>1</statuscode>
</dvfilesearchattribute>