<powerpagecomponent powerpagecomponentid="873ed5da-5aec-477d-b0fb-23afe4dc0b61">
  <content>{"createdOn":"2025-09-18T19:35:28.990Z","parentpageid":"eaf58ae2-332f-4528-ab42-4c806ba92bcb","publishingstateid":"ab1632e7-1c01-4643-a039-39508cd6d3a4","partialurl":"employee.jpg","title":"","summary":"","enabletracking":false,"excludefromsearch":false,"hiddenfromsitemap":false}</content>
  <filecontent mimetype="image/jpeg">employee.jpg</filecontent>
  <iscustomizable>1</iscustomizable>
  <name>employee.jpg</name>
  <powerpagecomponenttype>3</powerpagecomponenttype>
  <powerpagesiteid>
    <powerpagesiteid>7303651d-3310-4f42-ae00-52ddb8527bea</powerpagesiteid>
  </powerpagesiteid>
  <statecode>0</statecode>
  <statuscode>1</statuscode>
</powerpagecomponent>