<powerpagecomponent powerpagecomponentid="24c7a2c3-1735-4f07-9564-2ba3a5ce8ac2">
  <content>{"display_name":"Search/Facet/Downloads","type":756150000,"value":"Downloads"}</content>
  <iscustomizable>1</iscustomizable>
  <name>Search/Facet/Downloads</name>
  <powerpagecomponenttype>7</powerpagecomponenttype>
  <powerpagesiteid>
    <powerpagesiteid>7303651d-3310-4f42-ae00-52ddb8527bea</powerpagesiteid>
  </powerpagesiteid>
  <powerpagesitelanguageid>
    <powerpagesitelanguageid>8f17beb1-bdfd-4c11-a235-1a6c635d2fe9</powerpagesitelanguageid>
  </powerpagesitelanguageid>
  <statecode>0</statecode>
  <statuscode>1</statuscode>
</powerpagecomponent>