<powerpagecomponent powerpagecomponentid="7e93b043-bc7b-4877-81cb-1bc9acbdcba6">
  <content>{"disablepagevalidation":false,"displayimageonly":false,"displayorder":3,"displaypagechildlinks":false,"openinnewwindow":false,"pageid":"bd192080-8725-4a64-99ee-2c7a9ead5927","publishingstateid":"ab1632e7-1c01-4643-a039-39508cd6d3a4","robotsfollowlink":true,"weblinksetid":"8009c825-1f35-4be8-9e1d-acd6cecb8bc1"}</content>
  <iscustomizable>1</iscustomizable>
  <name>Pages</name>
  <powerpagecomponenttype>5</powerpagecomponenttype>
  <powerpagesiteid>
    <powerpagesiteid>7303651d-3310-4f42-ae00-52ddb8527bea</powerpagesiteid>
  </powerpagesiteid>
  <statecode>0</statecode>
  <statuscode>1</statuscode>
</powerpagecomponent>