<powerpagecomponent powerpagecomponentid="04b6254e-2db1-4aee-b34a-f993a9434909">
  <content>{"display_name":"Search/Facet/Product","type":756150000,"value":"Products"}</content>
  <iscustomizable>1</iscustomizable>
  <name>Search/Facet/Product</name>
  <powerpagecomponenttype>7</powerpagecomponenttype>
  <powerpagesiteid>
    <powerpagesiteid>7303651d-3310-4f42-ae00-52ddb8527bea</powerpagesiteid>
  </powerpagesiteid>
  <powerpagesitelanguageid>
    <powerpagesitelanguageid>8f17beb1-bdfd-4c11-a235-1a6c635d2fe9</powerpagesitelanguageid>
  </powerpagesitelanguageid>
  <statecode>0</statecode>
  <statuscode>1</statuscode>
</powerpagecomponent>