<powerpagecomponent powerpagecomponentid="feabb9ab-caa4-44e4-9eb6-6b680a259a87">
  <content>{"displayorder":3,"enablerating":false,"enabletracking":false,"excludefromsearch":false,"feedbackpolicy":756150000,"hiddenfromsitemap":false,"isroot":true,"pagetemplateid":"82af1470-e557-4bd8-b7ef-a9fbd29779ed","parentpageid":"eaf58ae2-332f-4528-ab42-4c806ba92bcb","partialurl":"contact-us","publishingstateid":"ab1632e7-1c01-4643-a039-39508cd6d3a4","sharedpageconfiguration":false}</content>
  <iscustomizable>1</iscustomizable>
  <name>Contact us</name>
  <powerpagecomponenttype>2</powerpagecomponenttype>
  <powerpagesiteid>
    <powerpagesiteid>7303651d-3310-4f42-ae00-52ddb8527bea</powerpagesiteid>
  </powerpagesiteid>
  <searchcontent>Contact us</searchcontent>
  <statecode>0</statecode>
  <statuscode>1</statuscode>
</powerpagecomponent>