<botcomponent schemaname="cr5c1_330d9970-7666-47a5-9055-20c97a1bb43a.topic.Escalate">
  <componenttype>9</componenttype>
  <description>This system topic is triggered when the user indicates they would like to speak to a representative.
You can configure how the agent will handle human hand-off scenarios in the agent settings.
If your agent does not handle escalations, this topic should be disabled.</description>
  <iscustomizable>0</iscustomizable>
  <name>Escalate</name>
  <parentbotid>
    <schemaname>cr5c1_330d9970-7666-47a5-9055-20c97a1bb43a</schemaname>
  </parentbotid>
  <statecode>0</statecode>
  <statuscode>1</statuscode>
</botcomponent>