<powerpagecomponent powerpagecomponentid="7a389655-c694-f011-b4cc-000d3a3beab5">
  <content>{"botschemaname":"cr5c1_330d9970-7666-47a5-9055-20c97a1bb43a","configjson":"{\"skillConfigViewName\":\"Starter Site bot Answers\"}"}</content>
  <iscustomizable>1</iscustomizable>
  <name>Bot Consumer</name>
  <powerpagecomponenttype>27</powerpagecomponenttype>
  <powerpagesiteid>
    <powerpagesiteid>7303651d-3310-4f42-ae00-52ddb8527bea</powerpagesiteid>
  </powerpagesiteid>
  <statecode>0</statecode>
  <statuscode>1</statuscode>
</powerpagecomponent>